{"cameraMode":{"drawMode":0,"name":"Shaded","section":"Shading Mode"},"sceneLighting":true,"audioPlay":false,"sceneViewState":{"m_AlwaysRefresh":false,"showFog":true,"showSkybox":true,"showFlares":true,"showImageEffects":true,"showParticleSystems":true,"showVisualEffectGraphs":true,"m_FxEnabled":true},"in2DMode":false,"pivot":{"x":-16.60150909423828,"y":1.5865389108657838,"z":-8.220011711120606},"rotation":{"x":0.004027774091809988,"y":0.8124304413795471,"z":-0.005613886285573244,"w":0.5830363631248474},"size":10.89820384979248,"orthographic":true}